{
    "interactionModel": {
        "languageModel": {
            "invocationName": "yes doctor",
            "intents": [
                {
                    "name": "AMAZON.FallbackIntent",
                    "samples": []
                },
                {
                    "name": "AMAZON.CancelIntent",
                    "samples": []
                },
                {
                    "name": "AMAZON.HelpIntent",
                    "samples": []
                },
                {
                    "name": "AMAZON.StopIntent",
                    "samples": []
                },
                {
                    "name": "patientInfo",
                    "slots": [
                        {
                            "name": "patient_name",
                            "type": "AMAZON.US_FIRST_NAME"
                        }
                    ],
                    "samples": [
                        "what is the location of {patient_name}",
                        "city of {patient_name}",
                        "location of {patient_name}",
                        "where is the patient {patient_name} from",
                        "what location is the patient {patient_name} from"
                    ]
                },
                {
                    "name": "appointments",
                    "slots": [
                        {
                            "name": "provider",
                            "type": "AMAZON.US_FIRST_NAME"
                        },
                        {
                            "name": "date",
                            "type": "AMAZON.DATE"
                        }
                    ],
                    "samples": [
                        "list appointments on {date}",
                        "list my appointments",
                        "how many appointments for {provider}",
                        "what are my appointments today"
                    ]
                }
            ],
            "types": []
        }
    }
}